Lagos Continental Hotel, https://www.tripadvisor.com/Hotel_Review-g304026-d2557100-Reviews-Lagos_Continental_Hotel-Lagos_Lagos_State.html
Nordic Hotel Lagos, https://www.tripadvisor.com/Hotel_Review-g304026-d23543744-Reviews-Nordic_Hotel_Lagos-Lagos_Lagos_State.html
Legend Hotel Lagos Airport, Curio Collection by Hilton, https://www.tripadvisor.com/Hotel_Review-g304026-d13145277-Reviews-Legend_Hotel_Lagos_Airport_Curio_Collection_by_Hilton-Lagos_Lagos_State.html
The George, https://www.tripadvisor.com/Hotel_Review-g304026-d8336125-Reviews-The_George-Lagos_Lagos_State.html
Lagos Marriott Hotel Ikeja, https://www.tripadvisor.com/Hotel_Review-g304026-d23399124-Reviews-Lagos_Marriott_Hotel_Ikeja-Lagos_Lagos_State.html
Eko Hotels & Suites, https://www.tripadvisor.com/Hotel_Review-g304026-d312097-Reviews-Eko_Hotels_Suites-Lagos_Lagos_State.html
Mövenpick Hotel Ikoyi Lagos, https://www.tripadvisor.com/Hotel_Review-g304026-d1438903-Reviews-Movenpick_Hotel_Ikoyi_Lagos-Lagos_Lagos_State.html
Radisson Blu Anchorage Hotel, Lagos, V.I., https://www.tripadvisor.com/Hotel_Review-g304026-d1456434-Reviews-Radisson_Blu_Anchorage_Hotel_Lagos_V_I-Lagos_Lagos_State.html
Park Inn by Radisson Serviced Apartments Lagos Victoria Island, https://www.tripadvisor.com/Hotel_Review-g304026-d488728-Reviews-Park_Inn_by_Radisson_Serviced_Apartments_Lagos_Victoria_Island-Lagos_Lagos_State.html
The Wheatbaker, https://www.tripadvisor.com/Hotel_Review-g304026-d1986109-Reviews-The_Wheatbaker-Lagos_Lagos_State.html
Sheraton Lagos Hotel, https://www.tripadvisor.com/Hotel_Review-g304026-d308216-Reviews-Sheraton_Lagos_Hotel-Lagos_Lagos_State.html
The Yacht Hotel, https://www.tripadvisor.com/Hotel_Review-g304026-d23086657-Reviews-The_Yacht_Hotel-Lagos_Lagos_State.html
George Residence, https://www.tripadvisor.com/Hotel_Review-g304026-d23029024-Reviews-George_Residence-Lagos_Lagos_State.html
Bogobiri House Lagos, https://www.tripadvisor.com/Hotel_Review-g304026-d1098006-Reviews-Bogobiri_House_Lagos-Lagos_Lagos_State.html
The Federal Palace Hotel, https://www.tripadvisor.com/Hotel_Review-g304026-d1382216-Reviews-The_Federal_Palace_Hotel-Lagos_Lagos_State.html
Protea Hotel Ikeja Select, https://www.tripadvisor.com/Hotel_Review-g304026-d7040069-Reviews-Protea_Hotel_Ikeja_Select-Lagos_Lagos_State.html
Four Points by Sheraton Lagos, https://www.tripadvisor.com/Hotel_Review-g304026-d1723739-Reviews-Four_Points_by_Sheraton_Lagos-Lagos_Lagos_State.html
Golden Tulip Festac Lagos, https://www.tripadvisor.com/Hotel_Review-g304026-d1651125-Reviews-Golden_Tulip_Festac_Lagos-Lagos_Lagos_State.html
L’eola Hotel, https://www.tripadvisor.com/Hotel_Review-g304026-d680200-Reviews-L_eola_Hotel-Lagos_Lagos_State.html
ibis Lagos Airport, https://www.tripadvisor.com/Hotel_Review-g304026-d2049086-Reviews-Ibis_Lagos_Airport-Lagos_Lagos_State.html
Angle Villa, https://www.tripadvisor.com/Hotel_Review-g304026-d8023850-Reviews-Angle_Villa-Lagos_Lagos_State.html
H210, https://www.tripadvisor.com/Hotel_Review-g304026-d10425587-Reviews-H210-Lagos_Lagos_State.html
Maroko Bayshore Suites, https://www.tripadvisor.com/Hotel_Review-g304026-d8052532-Reviews-Maroko_Bayshore_Suites-Lagos_Lagos_State.html
Presken Residence Annex, https://www.tripadvisor.com/Hotel_Review-g304026-d23191370-Reviews-Presken_Residence_Annex-Lagos_Lagos_State.html
Boss Hotels & Suites, https://www.tripadvisor.com/Hotel_Review-g304026-d23238185-Reviews-Boss_Hotels_Suites-Lagos_Lagos_State.html
Hotel Bon Voyage, https://www.tripadvisor.com/Hotel_Review-g304026-d1739295-Reviews-Hotel_Bon_Voyage-Lagos_Lagos_State.html
Manuela Residence, https://www.tripadvisor.com/Hotel_Review-g304026-d1216551-Reviews-Manuela_Residence-Lagos_Lagos_State.html
Posh Apartments and Hotel, https://www.tripadvisor.com/Hotel_Review-g304026-d7980609-Reviews-Posh_Apartments_and_Hotel-Lagos_Lagos_State.html
Citilodge Hotel, https://www.tripadvisor.com/Hotel_Review-g304026-d1440121-Reviews-Citilodge_Hotel-Lagos_Lagos_State.html
Posh Apartments Business Hotel, https://www.tripadvisor.com/Hotel_Review-g304026-d17497559-Reviews-Posh_Apartments_Business_Hotel-Lagos_Lagos_State.html
The Art Hotel, https://www.tripadvisor.com/Hotel_Review-g304026-d24928283-Reviews-The_Art_Hotel-Lagos_Lagos_State.html
Stop Over Motel, https://www.tripadvisor.com/Hotel_Review-g304026-d508156-Reviews-Stop_Over_Motel-Lagos_Lagos_State.html
KSF Place Alaka, https://www.tripadvisor.com/Hotel_Review-g304026-d25168947-Reviews-KSF_Place_Alaka-Lagos_Lagos_State.html
Palmview Manor, https://www.tripadvisor.com/Hotel_Review-g304026-d637807-Reviews-Palmview_Manor-Lagos_Lagos_State.html
Lilygate Hotel, https://www.tripadvisor.com/Hotel_Review-g304026-d6989627-Reviews-Lilygate_Hotel-Lagos_Lagos_State.html
Rollace Hotel, https://www.tripadvisor.com/Hotel_Review-g304026-d14764850-Reviews-Rollace_Hotel-Lagos_Lagos_State.html
GrandBee Suites, https://www.tripadvisor.com/Hotel_Review-g304026-d3579063-Reviews-GrandBee_Suites-Lagos_Lagos_State.html
GrandVenice Transit Apartments, https://www.tripadvisor.com/Hotel_Review-g304026-d8074531-Reviews-GrandVenice_Transit_Apartments-Lagos_Lagos_State.html
Beni Gold Hotel, Ikoyi, https://www.tripadvisor.com/Hotel_Review-g304026-d23376129-Reviews-Beni_Gold_Hotel_Ikoyi-Lagos_Lagos_State.html
Maison Fahrenheit Hotel, https://www.tripadvisor.com/Hotel_Review-g304026-d7714536-Reviews-Maison_Fahrenheit_Hotel-Lagos_Lagos_State.html
Villa Monument Hotel, https://www.tripadvisor.com/Hotel_Review-g304026-d20936116-Reviews-Villa_Monument_Hotel-Lagos_Lagos_State.html
Virginrose Resorts, https://www.tripadvisor.com/Hotel_Review-g304026-d7985377-Reviews-Virginrose_Resorts-Lagos_Lagos_State.html
De Renaissance Hotel, https://www.tripadvisor.com/Hotel_Review-g304026-d1874676-Reviews-De_Renaissance_Hotel-Lagos_Lagos_State.html
Starfire Hotel, https://www.tripadvisor.com/Hotel_Review-g304026-d4312966-Reviews-Starfire_Hotel-Lagos_Lagos_State.html
Clear Essence California Spa and Wellness Resort, https://www.tripadvisor.com/Hotel_Review-g304026-d1460670-Reviews-Clear_Essence_California_Spa_and_Wellness_Resort-Lagos_Lagos_State.html
The Avenue Suites, https://www.tripadvisor.com/Hotel_Review-g304026-d2238026-Reviews-The_Avenue_Suites-Lagos_Lagos_State.html
Joygate Hotel & Suites, https://www.tripadvisor.com/Hotel_Review-g304026-d17424943-Reviews-Joygate_Hotel_Suites-Lagos_Lagos_State.html
Lagos Oriental Hotel, https://www.tripadvisor.com/Hotel_Review-g304026-d1959304-Reviews-Lagos_Oriental_Hotel-Lagos_Lagos_State.html
The Blowfish Hotel, https://www.tripadvisor.com/Hotel_Review-g304026-d1952746-Reviews-The_Blowfish_Hotel-Lagos_Lagos_State.html
Greens Manor, https://www.tripadvisor.com/Hotel_Review-g304026-d10051081-Reviews-Greens_Manor-Lagos_Lagos_State.html
Scarlet Lodge Hotel, https://www.tripadvisor.com/Hotel_Review-g304026-d3725072-Reviews-Scarlet_Lodge_Hotel-Lagos_Lagos_State.html
The White Orchid Hotel, https://www.tripadvisor.com/Hotel_Review-g304026-d20226148-Reviews-The_White_Orchid_Hotel-Lagos_Lagos_State.html
Caesar's by TLC, https://www.tripadvisor.com/Hotel_Review-g304026-d17471681-Reviews-Caesar_s_by_TLC-Lagos_Lagos_State.html
Morning Side Suites Etim Inyang, https://www.tripadvisor.com/Hotel_Review-g304026-d7394696-Reviews-Morning_Side_Suites_Etim_Inyang-Lagos_Lagos_State.html
Royal Residences By Du, https://www.tripadvisor.com/Hotel_Review-g304026-d23348297-Reviews-Royal_Residences_By_Du-Lagos_Lagos_State.html
Villa Picasso Hotel, https://www.tripadvisor.com/Hotel_Review-g304026-d7287167-Reviews-Villa_Picasso_Hotel-Lagos_Lagos_State.html
Maria Suites, https://www.tripadvisor.com/Hotel_Review-g304026-d7335577-Reviews-Maria_Suites-Lagos_Lagos_State.html
Villa Toscana Hotel, https://www.tripadvisor.com/Hotel_Review-g304026-d12370510-Reviews-Villa_Toscana_Hotel-Lagos_Lagos_State.html
His Dulce Apartments, https://www.tripadvisor.com/Hotel_Review-g304026-d16735797-Reviews-His_Dulce_Apartments-Lagos_Lagos_State.html
The Ambassadors Hotel, https://www.tripadvisor.com/Hotel_Review-g304026-d1732667-Reviews-The_Ambassadors_Hotel-Lagos_Lagos_State.html
Jeromes Garden & Suites, https://www.tripadvisor.com/Hotel_Review-g304026-d7367506-Reviews-Jeromes_Garden_Suites-Lagos_Lagos_State.html
BWC Hotel, https://www.tripadvisor.com/Hotel_Review-g304026-d1857979-Reviews-BWC_Hotel-Lagos_Lagos_State.html
Jara Beach Resort, https://www.tripadvisor.com/Hotel_Review-g304026-d19454058-Reviews-Jara_Beach_Resort-Lagos_Lagos_State.html
Presken Hotel At International Airport Road, https://www.tripadvisor.com/Hotel_Review-g304026-d8588378-Reviews-Presken_Hotel_At_International_Airport_Road-Lagos_Lagos_State.html
Parkview Astoria Hotel, https://www.tripadvisor.com/Hotel_Review-g304026-d6507806-Reviews-Parkview_Astoria_Hotel-Lagos_Lagos_State.html
Eko Signature, https://www.tripadvisor.com/Hotel_Review-g304026-d7610647-Reviews-Eko_Signature-Lagos_Lagos_State.html
K-Tavern Hotels, https://www.tripadvisor.com/Hotel_Review-g304026-d15887594-Reviews-K_Tavern_Hotels-Lagos_Lagos_State.html
Glee Hotel, https://www.tripadvisor.com/Hotel_Review-g304026-d12898116-Reviews-Glee_Hotel-Lagos_Lagos_State.html
Haute Aparthotel, https://www.tripadvisor.com/Hotel_Review-g304026-d7723218-Reviews-Haute_Aparthotel-Lagos_Lagos_State.html
Welcome Centre Hotels, https://www.tripadvisor.com/Hotel_Review-g304026-d1205234-Reviews-Welcome_Centre_Hotels-Lagos_Lagos_State.html
Indigo Hotel, Bar & Restaurant, https://www.tripadvisor.com/Hotel_Review-g304026-d7332292-Reviews-Indigo_Hotel_Bar_Restaurant-Lagos_Lagos_State.html
Cotton Suites, https://www.tripadvisor.com/Hotel_Review-g304026-d4886374-Reviews-Cotton_Suites-Lagos_Lagos_State.html
Cata Hotel, https://www.tripadvisor.com/Hotel_Review-g304026-d6636040-Reviews-Cata_Hotel-Lagos_Lagos_State.html
Seattle Residences and Spa, https://www.tripadvisor.com/Hotel_Review-g304026-d15667838-Reviews-Seattle_Residences_and_Spa-Lagos_Lagos_State.html
Providence by Mantis, https://www.tripadvisor.com/Hotel_Review-g304026-d17805799-Reviews-Providence_by_Mantis-Lagos_Lagos_State.html
The Sojourner By Genesis, https://www.tripadvisor.com/Hotel_Review-g304026-d4686363-Reviews-The_Sojourner_By_Genesis-Lagos_Lagos_State.html
La Cour Hotel Cooper, https://www.tripadvisor.com/Hotel_Review-g304026-d2701303-Reviews-La_Cour_Hotel_Cooper-Lagos_Lagos_State.html
Springpark Yaad Hotel Ikoyi, https://www.tripadvisor.com/Hotel_Review-g304026-d9765609-Reviews-Springpark_Yaad_Hotel_Ikoyi-Lagos_Lagos_State.html
The Cate House, https://www.tripadvisor.com/Hotel_Review-g304026-d19721344-Reviews-The_Cate_House-Lagos_Lagos_State.html
Amara Suites, https://www.tripadvisor.com/Hotel_Review-g304026-d2148896-Reviews-Amara_Suites-Lagos_Lagos_State.html
Oakspring Hotel and Luxury Suites, https://www.tripadvisor.com/Hotel_Review-g304026-d8390730-Reviews-Oakspring_Hotel_and_Luxury_Suites-Lagos_Lagos_State.html
Chapter 1 Luxury Suites, https://www.tripadvisor.com/Hotel_Review-g304026-d11798343-Reviews-Chapter_1_Luxury_Suites-Lagos_Lagos_State.html
Protea Hotel by Marriott Lagos Kuramo Waters, https://www.tripadvisor.com/Hotel_Review-g304026-d1942205-Reviews-Protea_Hotel_by_Marriott_Lagos_Kuramo_Waters-Lagos_Lagos_State.html
Erith Apartments and Suites, https://www.tripadvisor.com/Hotel_Review-g304026-d3661037-Reviews-Erith_Apartments_and_Suites-Lagos_Lagos_State.html
La Cour Hotel Glover, https://www.tripadvisor.com/Hotel_Review-g304026-d4010892-Reviews-La_Cour_Hotel_Glover-Lagos_Lagos_State.html
Sanzak Place, https://www.tripadvisor.com/Hotel_Review-g304026-d7332308-Reviews-Sanzak_Place-Lagos_Lagos_State.html
Dumont Hotel, https://www.tripadvisor.com/Hotel_Review-g304026-d6728570-Reviews-Dumont_Hotel-Lagos_Lagos_State.html
De-Vine Plus Luxury Apartments, https://www.tripadvisor.com/Hotel_Review-g304026-d1011471-Reviews-De_Vine_Plus_Luxury_Apartments-Lagos_Lagos_State.html
Presken Hotel at Oniru, https://www.tripadvisor.com/Hotel_Review-g304026-d20044684-Reviews-Presken_Hotel_at_Oniru-Lagos_Lagos_State.html
Ivy Hotel Ikeja, https://www.tripadvisor.com/Hotel_Review-g304026-d24976030-Reviews-Ivy_Hotel_Ikeja-Lagos_Lagos_State.html
Chesney Hotel, https://www.tripadvisor.com/Hotel_Review-g304026-d2091198-Reviews-Chesney_Hotel-Lagos_Lagos_State.html
Planet One Hotel and Wellness, https://www.tripadvisor.com/Hotel_Review-g304026-d1889967-Reviews-Planet_One_Hotel_and_Wellness-Lagos_Lagos_State.html
De Santos Hotel, https://www.tripadvisor.com/Hotel_Review-g304026-d6969794-Reviews-De_Santos_Hotel-Lagos_Lagos_State.html
African Garden Lodge, https://www.tripadvisor.com/Hotel_Review-g304026-d1129681-Reviews-African_Garden_Lodge-Lagos_Lagos_State.html
The Regent Luxury Suites Limited, https://www.tripadvisor.com/Hotel_Review-g304026-d2440953-Reviews-The_Regent_Luxury_Suites_Limited-Lagos_Lagos_State.html
Smridu Hotel, https://www.tripadvisor.com/Hotel_Review-g304026-d7060017-Reviews-Smridu_Hotel-Lagos_Lagos_State.html
Three Arms, https://www.tripadvisor.com/Hotel_Review-g304026-d2217237-Reviews-Three_Arms-Lagos_Lagos_State.html
De Rigg Place, https://www.tripadvisor.com/Hotel_Review-g304026-d6947285-Reviews-De_Rigg_Place-Lagos_Lagos_State.html
Swiss Cottage Suites, https://www.tripadvisor.com/Hotel_Review-g304026-d6123341-Reviews-Swiss_Cottage_Suites-Lagos_Lagos_State.html
Hardrock Hotels, https://www.tripadvisor.com/Hotel_Review-g304026-d7592041-Reviews-Hardrock_Hotels-Lagos_Lagos_State.html
Atlantic Hotels And Suites (GRA, Ikeja), https://www.tripadvisor.com/Hotel_Review-g304026-d6948060-Reviews-Atlantic_Hotels_And_Suites_GRA_Ikeja-Lagos_Lagos_State.html
Elion House Hotel, https://www.tripadvisor.com/Hotel_Review-g304026-d812439-Reviews-Elion_House_Hotel-Lagos_Lagos_State.html
Savoy Suites, https://www.tripadvisor.com/Hotel_Review-g304026-d616614-Reviews-Savoy_Suites-Lagos_Lagos_State.html
La Playa Suites, https://www.tripadvisor.com/Hotel_Review-g304026-d1470401-Reviews-La_Playa_Suites-Lagos_Lagos_State.html
Fryburg Suites, https://www.tripadvisor.com/Hotel_Review-g304026-d21024994-Reviews-Fryburg_Suites-Lagos_Lagos_State.html
Gran Melia Hotel, https://www.tripadvisor.com/Hotel_Review-g304026-d7336808-Reviews-Gran_Melia_Hotel-Lagos_Lagos_State.html
African Sun Amber Residence, https://www.tripadvisor.com/Hotel_Review-g304026-d3793843-Reviews-African_Sun_Amber_Residence-Lagos_Lagos_State.html
Panorama Hotel & Restaurant, https://www.tripadvisor.com/Hotel_Review-g304026-d12300313-Reviews-Panorama_Hotel_Restaurant-Lagos_Lagos_State.html
Golden Tulip Essential Lagos Airport Hotel, https://www.tripadvisor.com/Hotel_Review-g304026-d7895519-Reviews-Golden_Tulip_Essential_Lagos_Airport_Hotel-Lagos_Lagos_State.html
Royal Executive Suites, https://www.tripadvisor.com/Hotel_Review-g304026-d7286640-Reviews-Royal_Executive_Suites-Lagos_Lagos_State.html
Blue Lodge Hotel, https://www.tripadvisor.com/Hotel_Review-g304026-d1978692-Reviews-Blue_Lodge_Hotel-Lagos_Lagos_State.html
Royal Crest Hotel and Suites, https://www.tripadvisor.com/Hotel_Review-g304026-d25405609-Reviews-Royal_Crest_Hotel_and_Suites-Lagos_Lagos_State.html
Charlie's Place and Suites, https://www.tripadvisor.com/Hotel_Review-g304026-d7052695-Reviews-Charlie_s_Place_and_Suites-Lagos_Lagos_State.html
Oakwood Park Hotel, https://www.tripadvisor.com/Hotel_Review-g304026-d498800-Reviews-Oakwood_Park_Hotel-Lagos_Lagos_State.html
Golden Tulip Oniru Suites, https://www.tripadvisor.com/Hotel_Review-g304026-d13423961-Reviews-Golden_Tulip_Oniru_Suites-Lagos_Lagos_State.html
Primal Hotel Ikoyi, https://www.tripadvisor.com/Hotel_Review-g304026-d8730677-Reviews-Primal_Hotel_Ikoyi-Lagos_Lagos_State.html
The Art Hotel Lagos, https://www.tripadvisor.com/Hotel_Review-g304026-d25179532-Reviews-The_Art_Hotel_Lagos-Lagos_Lagos_State.html
Solitude Hotel, https://www.tripadvisor.com/Hotel_Review-g304026-d3864006-Reviews-Solitude_Hotel-Lagos_Lagos_State.html
Smridus Victoria Island, https://www.tripadvisor.com/Hotel_Review-g304026-d7335532-Reviews-Smridus_Victoria_Island-Lagos_Lagos_State.html
Proof Hotel and Lounge, https://www.tripadvisor.com/Hotel_Review-g304026-d13541044-Reviews-Proof_Hotel_and_Lounge-Lagos_Lagos_State.html